target;Max;Min;Mean;train_score_ARIMAX_full_norm;train_score_ARIMAX_full;train_score_dynamic_ARIMAX_full_norm;train_score_dynamic_ARIMAX_full;validation_score_ARIMAX_full_norm;validation_score_ARIMAX_full;validation_socre_dynamic_ARIMAX_full_norm;validation_socre_dynamic_ARIMAX_full;best_params_ARIMAX_full;train_score_ARIMAX_reduced_norm;train_score_ARIMAX_reduced;train_score_dynamic_ARIMAX_reduced_norm;train_score_dynamic_ARIMAX_reduced;validation_score_ARIMAX_reduced_norm;validation_score_ARIMAX_reduced;validation_socre_dynamic_ARIMAX_reduced_norm;validation_socre_dynamic_ARIMAX_reduced;best_params_ARIMAX_reduced;train_score_ANN_full_norm;train_score_ANN_full;train_score_dynamic_ANN_full_norm;train_score_dynamic_ANN_full;validation_score_ANN_full_norm;validation_score_ANN_full;validation_socre_dynamic_ANN_full_norm;validation_socre_dynamic_ANN_full;best_params_ANN_full;train_score_ANN_reduced_norm;train_score_ANN_reduced;train_score_dynamic_ANN_reduced_norm;train_score_dynamic_ANN_reduced;validation_score_ANN_reduced_norm;validation_score_ANN_reduced;validation_socre_dynamic_ANN_reduced_norm;validation_socre_dynamic_ANN_reduced;best_params_ANN_reduced;train_score_dynamic_autolstm_full_norm;validation_socre_dynamic_autolstm_full_norm;best_params_autolstm_full;train_score_dynamic_autolstm_reduced_norm;validation_socre_dynamic_autolstm_reduced_norm;best_params_autolstm_reduced
Load0000;163.79575;3.7595;44.3354813;0.110343735;18.07383478;0.23254541;38.08994977;0.115397171;18.90156622;0.217859913;35.68452792;{'order': (4, 1, 4)};0.114547859;18.76245243;0.204960156;33.57160242;0.119459344;19.56693292;0.202931977;33.23939539;{'order': (3, 0, 4)};0.081072328;13.27930277;0.159677423;26.15448326;0.104564097;17.12715472;0.209545486;34.32266008;{'activation': 'tanh', 'alpha': 0.1, 'hidden_layer_sizes': (5, 15), 'learning_rate_init': 0.001};0.070917018;11.61590617;0.168215803;27.55303368;0.087658972;14.35816713;0.195322346;31.99297022;{'activation': 'tanh', 'alpha': 0.001, 'hidden_layer_sizes': (15, 15, 15), 'learning_rate_init': 0.001};0.167806119;0.309710413;(2, 1, 1, False);0.163698837;0.224870324;(1, 1, 1, True)
Load0001;68.13575;0.9785;10.90005021;0.079897348;5.443865745;0.146768075;10.00015284;0.07932224;5.404680325;0.130693552;8.904903179;{'order': (4, 1, 4)};0.084785301;5.776910093;0.134057824;9.13413036;0.083909465;5.717234346;0.111261266;7.580869795;{'order': (3, 0, 4)};0.046453261;3.165127789;0.08169067;5.566055071;0.058131068;3.960803899;0.107097261;7.297152207;{'activation': 'relu', 'alpha': 0.1, 'hidden_layer_sizes': (5, 15), 'learning_rate_init': 0.01};0.037435298;2.550682126;0.082881637;5.6472025;0.045897975;3.127292966;0.090867762;6.191343111;{'activation': 'tanh', 'alpha': 0.001, 'hidden_layer_sizes': (15, 10, 15), 'learning_rate_init': 0.001};0.104001127;0.178429067;(1, 1, 1, False);0.078009471;0.194644421;(2, 5, 1, True)
Load0002;333;3.5;163.7755657;0.089861059;29.92373281;0.118343037;39.40823117;0.06714395;22.35893526;0.083545558;27.82067082;{'order': (4, 0, 4)};0.089920655;29.94357811;0.120886972;40.25536179;0.067075338;22.33608759;0.080301007;26.74023541;{'order': (4, 0, 3)};0.088120835;29.34423794;0.132860778;44.24263894;0.069464456;23.1316639;0.123242755;41.03983729;{'activation': 'tanh', 'alpha': 0.1, 'hidden_layer_sizes': (5, 15, 10), 'learning_rate_init': 0.001};0.088252855;29.38820061;0.139496104;46.45220273;0.066808686;22.2472923;0.089182398;29.69773851;{'activation': 'relu', 'alpha': 0.1, 'hidden_layer_sizes': (10, 5, 15), 'learning_rate_init': 0.01};0.128949121;0.107009098;(4, 1, 1, True);0.148052171;0.119526945;(2, 5, 1, False)
Load0003;81.14025;0.82725;9.365996628;0.0319129;2.589420698;0.061463951;4.98720039;0.029048392;2.356993802;0.054930562;4.457079501;{'order': (4, 1, 4)};0.032106527;2.605131655;0.05734578;4.653050934;0.029152906;2.365474059;0.050756441;4.118390287;{'order': (3, 1, 4)};0.028875905;2.342998183;0.07465125;6.057221084;0.030238108;2.453527666;0.089122178;7.231395844;{'activation': 'relu', 'alpha': 0.1, 'hidden_layer_sizes': (5, 10, 10), 'learning_rate_init': 0.001};0.029378343;2.383766135;0.075428718;6.120305042;0.027353798;2.21949397;0.056813242;4.609840645;{'activation': 'relu', 'alpha': 0.1, 'hidden_layer_sizes': (15, 15), 'learning_rate_init': 0.001};0.069693066;0.094196282;(4, 1, 1, False);0.080081932;0.064597785;(2, 5, 1, True)
Load0004;287.5;18;80.23126088;0.043921655;12.62747568;0.135192563;38.86786184;0.044126937;12.68649434;0.110134782;31.66374972;{'order': (4, 1, 4)};0.043921655;12.62747568;0.137000748;39.38771493;0.044126937;12.68649434;0.110556967;31.78512794;{'order': (4, 1, 4)};0.028991809;8.335144985;0.148771401;42.77177765;0.044603733;12.82357335;0.144224708;41.46460365;{'activation': 'relu', 'alpha': 0.001, 'hidden_layer_sizes': (5, 10), 'learning_rate_init': 0.01};0.028227199;8.115319671;0.160905506;46.26033283;0.031949834;9.185577312;0.150290491;43.20851609;{'activation': 'tanh', 'alpha': 0.01, 'hidden_layer_sizes': (10, 15, 10), 'learning_rate_init': 0.01};0.131113127;0.176172614;(1, 1, 1, False);0.129242957;0.129675314;(4, 1, 1, False)
Load0006;173.94125;0;29.7358518;0.061708203;10.73360194;0.137159752;23.85773863;0.058930628;10.25046713;0.123463561;21.47540605;{'order': (2, 1, 2)};0.063089153;10.97380619;0.137834871;23.97516981;0.062557855;10.88139148;0.123724733;21.52083472;{'order': (4, 0, 4)};0.043701489;7.601491694;0.134089264;23.32365426;0.053681105;9.337358559;0.133847472;23.2815966;{'activation': 'relu', 'alpha': 0.01, 'hidden_layer_sizes': (5, 5, 5), 'learning_rate_init': 0.01};0.034557604;6.010992893;0.115950536;20.16858117;0.041367646;7.19554012;0.106911668;18.59634923;{'activation': 'tanh', 'alpha': 0.001, 'hidden_layer_sizes': (10, 15), 'learning_rate_init': 0.01};0.14265874;0.186966717;(1, 1, 1, False);0.120502241;0.116127521;(1, 1, 1, False)
Load0007;64.093;2.3825;12.55344203;0.040890101;2.620769236;0.091633376;5.873057948;0.040923573;2.622914555;0.080957178;5.188788383;{'order': (4, 1, 3)};0.040901591;2.621505669;0.087825302;5.628987081;0.040948463;2.62450986;0.083132149;5.328188818;{'order': (4, 1, 4)};0.031646665;2.028329679;0.070649111;4.528113454;0.043390882;2.781051787;0.091681632;5.876150831;{'activation': 'relu', 'alpha': 0.1, 'hidden_layer_sizes': (5, 5, 5), 'learning_rate_init': 0.001};0.027751079;1.778649904;0.086406661;5.538062128;0.03967183;2.542686594;0.13981744;8.961319197;{'activation': 'relu', 'alpha': 0.001, 'hidden_layer_sizes': (10, 15, 5), 'learning_rate_init': 0.001};0.101208761;0.138195276;(1, 1, 1, True);0.117335908;0.140718326;(2, 1, 1, False)
Load0009;480.5;4.5;100.147166;0.153999082;73.99655906;0.19942329;95.82289103;0.154108715;74.04923769;0.205364743;98.6777592;{'order': (4, 0, 2)};0.153999082;73.99655906;0.205417267;98.70299686;0.154108715;74.04923769;0.203967189;98.00623409;{'order': (4, 0, 2)};0.111656608;53.65100001;0.172072674;82.68092004;0.109686462;52.70434479;0.160437877;77.09040001;{'activation': 'tanh', 'alpha': 0.1, 'hidden_layer_sizes': (5, 10), 'learning_rate_init': 0.01};0.108888169;52.32076532;0.183830969;88.33078061;0.105531438;50.7078561;0.161197038;77.45517694;{'activation': 'relu', 'alpha': 0.1, 'hidden_layer_sizes': (15, 10), 'learning_rate_init': 0.01};0.156591669;0.310400367;(2, 1, 1, True);0.174316064;0.167396694;(1, 1, 1, False)
Load0010;94;4.5;27.04403285;0.049764475;4.677860624;0.116809486;10.98009171;0.050373291;4.73508933;0.09485863;8.916711175;{'order': (3, 1, 3)};0.04994594;4.694918326;0.117299018;11.02610765;0.050436574;4.741037974;0.091916155;8.640118581;{'order': (3, 1, 4)};0.036209896;3.403730236;0.080081951;7.527703413;0.046149329;4.338036939;0.12402363;11.65822123;{'activation': 'relu', 'alpha': 0.1, 'hidden_layer_sizes': (5, 10, 10), 'learning_rate_init': 0.001};0.037004675;3.478439487;0.132712423;12.47496773;0.045701865;4.295975282;0.190376745;17.89541407;{'activation': 'relu', 'alpha': 0.001, 'hidden_layer_sizes': (10, 5, 10), 'learning_rate_init': 0.01};0.100868598;0.189378709;(1, 1, 1, True);0.110593647;0.112404592;(1, 1, 1, False)
Load0011;91.3095;7.66325;26.55735929;0.057736907;5.271928119;0.19123851;17.4618927;0.052078248;4.755238811;0.11892501;10.85898322;{'order': (2, 1, 4)};0.057822155;5.279712058;0.193176327;17.63883387;0.052438687;4.788150318;0.108987304;9.951576217;{'order': (4, 1, 4)};0.027967653;2.55371239;0.057644663;5.263505377;0.0492479;4.496801148;0.112433104;10.26621049;{'activation': 'relu', 'alpha': 0.001, 'hidden_layer_sizes': (5, 10, 15), 'learning_rate_init': 0.01};0.028968688;2.645116373;0.088014432;8.036553763;0.03840399;3.506649089;0.100357211;9.163566798;{'activation': 'tanh', 'alpha': 0.001, 'hidden_layer_sizes': (15, 5, 15), 'learning_rate_init': 0.01};0.10265708;0.219685018;(2, 1, 1, True);0.116330191;0.123608679;(2, 1, 1, False)
Load0012;25.9045;1.15875;6.228102589;0.08412354;2.179178241;0.183426837;4.7515805;0.092216923;2.38883328;0.238221512;6.171009162;{'order': (1, 1, 4)};0.094876169;2.457719726;0.17594637;4.55780274;0.10320937;2.673587118;0.134743543;3.4904641;{'order': (3, 1, 4)};0.04318881;1.118784527;0.135577065;3.512056082;0.05977198;1.548363268;0.130158408;3.371688476;{'activation': 'relu', 'alpha': 0.1, 'hidden_layer_sizes': (10, 15, 15), 'learning_rate_init': 0.01};0.0436858;1.131658794;0.132584962;3.434547145;0.057012888;1.476890352;0.123088295;3.188540748;{'activation': 'tanh', 'alpha': 0.01, 'hidden_layer_sizes': (15, 10, 5), 'learning_rate_init': 0.01};0.142737702;0.221340805;(2, 1, 1, False);0.083851807;0.246114299;(2, 10, 1, False)
Load0013;33.37325;0;10.29550866;0.106133622;3.542023889;0.142883665;4.768492265;0.10933812;3.648968399;0.125583906;4.191143097;{'order': (2, 0, 4)};0.122333789;4.082676131;0.141505616;4.722502286;0.126878473;4.234347011;0.129769366;4.330825495;{'order': (4, 1, 2)};0.068614308;2.289882443;0.074530866;2.487337218;0.088110193;2.940523493;0.091089947;3.039967588;{'activation': 'tanh', 'alpha': 0.1, 'hidden_layer_sizes': (15, 5, 5), 'learning_rate_init': 0.01};0.057946041;1.933847716;0.072264975;2.411717093;0.074892821;2.499416827;0.078576354;2.622348295;{'activation': 'tanh', 'alpha': 0.01, 'hidden_layer_sizes': (15, 15, 15), 'learning_rate_init': 0.01};0.122493826;0.164438531;(1, 1, 1, True);0.087803289;0.13600792;(4, 1, 1, True)
Load0014;99.4465;0;29.98569711;0.097964484;9.742225022;0.175273166;17.43030294;0.092016704;9.150739114;0.168770286;16.78361425;{'order': (4, 1, 4)};0.097964484;9.742225022;0.167682162;16.67540414;0.092016704;9.150739114;0.141350059;14.0567686;{'order': (4, 1, 4)};0.058646608;5.832199883;0.127649689;12.69431477;0.068020187;6.764369512;0.167299686;16.63736821;{'activation': 'relu', 'alpha': 0.01, 'hidden_layer_sizes': (5, 10, 5), 'learning_rate_init': 0.01};0.053787077;5.348936541;0.106687344;10.609683;0.061041363;6.070349871;0.120788792;12.01202257;{'activation': 'tanh', 'alpha': 0.01, 'hidden_layer_sizes': (15, 10, 10), 'learning_rate_init': 0.001};0.13439323;0.190322429;(1, 1, 1, True);0.144780189;0.155309215;(1, 1, 1, False)
Load0016;251.526;6.92675;40.48144698;0.055119461;13.86397765;0.105824381;26.6175832;0.06268064;15.76581069;0.087862411;22.09968089;{'order': (1, 1, 2)};0.055101418;13.85943923;0.101254911;25.46824282;0.062851108;15.80868789;0.08340576;20.97871715;{'order': (2, 1, 1)};0.047408039;11.92435441;0.104155756;26.19788077;0.057606665;14.48957406;0.094630671;23.80207415;{'activation': 'relu', 'alpha': 0.1, 'hidden_layer_sizes': (5, 15), 'learning_rate_init': 0.001};0.047856436;12.03713781;0.118228847;29.73762888;0.058142997;14.62447555;0.119524039;30.06340341;{'activation': 'tanh', 'alpha': 0.01, 'hidden_layer_sizes': (5, 15, 15), 'learning_rate_init': 0.001};0.098030508;0.112947099;(2, 1, 1, True);0.12196029;0.099278651;(1, 1, 1, False)
Load0019;7.787;0.2625;1.255950092;0.072458939;0.56423776;0.082525021;0.642622336;0.075568699;0.588453456;0.090629388;0.705731045;{'order': (1, 0, 4)};0.073927364;0.575672386;0.084062433;0.654594167;0.076900912;0.598827401;0.090604569;0.705537781;{'order': (4, 0, 3)};0.068972419;0.537088226;0.091318125;0.711094239;0.076827075;0.598252429;0.098340176;0.765774952;{'activation': 'tanh', 'alpha': 0.001, 'hidden_layer_sizes': (10, 10), 'learning_rate_init': 0.0001};0.070824636;0.551511437;0.097883644;0.762219935;0.076335;0.594420646;0.10446543;0.813472307;{'activation': 'tanh', 'alpha': 0.1, 'hidden_layer_sizes': (5, 5, 15), 'learning_rate_init': 0.001};0.085960858;0.152522758;(2, 1, 1, True);0.100222006;0.094925404;(1, 1, 1, True)
Load0020;100.72175;0.103;38.79386767;0.209733003;21.12467508;0.305016353;30.72178082;0.234444719;23.61368241;0.3379898;34.04292418;{'order': (2, 0, 0)};0.209022403;21.05310218;0.313544832;31.58078414;0.237645521;23.93607279;0.32954538;33.19238741;{'order': (2, 0, 3)};0.169606581;17.08307168;0.341210218;34.36729027;0.236097545;23.7801579;0.367246485;36.98970861;{'activation': 'relu', 'alpha': 0.1, 'hidden_layer_sizes': (5, 5), 'learning_rate_init': 0.001};0.161659304;16.28260797;0.442707075;44.59023137;0.228816964;23.04684505;0.482955944;48.64416786;{'activation': 'tanh', 'alpha': 0.001, 'hidden_layer_sizes': (5, 5, 10), 'learning_rate_init': 0.01};0.293839902;0.388963878;(2, 1, 1, True);0.321644485;0.343329281;(1, 1, 1, False)
Load0021;784;6.5;186.2437718;0.115764923;90.75969964;0.296617658;232.5482439;0.134297492;105.2892338;0.373524538;292.8432375;{'order': (2, 1, 3)};0.1166365;91.44301636;0.245044277;192.1147134;0.132173908;103.6243435;0.198392193;155.5394797;{'order': (1, 0, 4)};0.053932103;42.28276875;0.138043022;108.2257291;0.098810604;77.46751323;0.151456029;118.7415268;{'activation': 'relu', 'alpha': 0.01, 'hidden_layer_sizes': (5, 5, 5), 'learning_rate_init': 0.01};0.061775446;48.43194958;0.18650997;146.2238161;0.101867075;79.86378699;0.142212976;111.4949733;{'activation': 'relu', 'alpha': 0.001, 'hidden_layer_sizes': (5, 10, 5), 'learning_rate_init': 0.01};0.226389274;0.359338969;(4, 1, 1, False);0.170857906;0.21343936;(1, 1, 1, False)
Load0023;181.1125;1.576;75.15620632;0.106286583;19.24982885;0.143126248;25.92195267;0.110699285;20.04902419;0.133288102;24.14014135;{'order': (3, 1, 0)};0.104856411;18.99080682;0.143173622;25.93053255;0.110595352;20.03020066;0.133137817;24.11292297;{'order': (4, 0, 0)};0.092173254;16.69372854;0.144715265;26.20974347;0.117600991;21.29900946;0.182317073;33.01990093;{'activation': 'relu', 'alpha': 0.001, 'hidden_layer_sizes': (5, 15), 'learning_rate_init': 0.001};0.093202334;16.8801077;0.144558224;26.18130137;0.105361914;19.0823596;0.116986026;21.18763155;{'activation': 'relu', 'alpha': 0.1, 'hidden_layer_sizes': (15, 15), 'learning_rate_init': 0.001};0.131612435;0.256547749;(2, 1, 1, False);0.155623734;0.133670568;(4, 10, 1, False)
Load0025;113;4;34.78046127;0.047728716;5.393344898;0.156483776;17.68266666;0.050449654;5.700810935;0.110869045;12.52820206;{'order': (1, 1, 4)};0.051494027;5.818825041;0.156168821;17.64707677;0.05875458;6.639267563;0.102793573;11.6156737;{'order': (4, 0, 3)};0.034851104;3.938174725;0.072119151;8.149464085;0.042029742;4.749360898;0.074208081;8.38551318;{'activation': 'relu', 'alpha': 0.1, 'hidden_layer_sizes': (10, 15, 15), 'learning_rate_init': 0.001};0.031296035;3.536451937;0.081389493;9.197012728;0.036376453;4.110539133;0.067663827;7.646012418;{'activation': 'relu', 'alpha': 0.01, 'hidden_layer_sizes': (15, 15, 15), 'learning_rate_init': 0.01};0.113950856;0.179707184;(1, 1, 1, False);0.107089654;0.08991991;(2, 1, 1, False)
Load0027;114.51525;19.48225;60.06063266;0.068468569;7.840695322;0.17940994;20.54517409;0.07237989;8.288601213;0.175963661;20.1505226;{'order': (4, 1, 2)};0.104735389;11.99379926;0.154540931;17.69729332;0.10989372;12.58450687;0.135810644;15.55238989;{'order': (3, 0, 3)};0.030318073;3.471881705;0.070026688;8.019123694;0.041258046;4.724675426;0.083743616;9.589921092;{'activation': 'relu', 'alpha': 0.001, 'hidden_layer_sizes': (5, 15), 'learning_rate_init': 0.01};0.028197428;3.229035478;0.066699377;7.638095834;0.034304408;3.928377832;0.074689597;8.553097919;{'activation': 'relu', 'alpha': 0.001, 'hidden_layer_sizes': (15, 15), 'learning_rate_init': 0.01};0.128816679;0.331457257;(2, 1, 1, True);0.087190151;0.259660006;(1, 1, 1, True)
Load0028;464.5;0;197.7101828;0.057464588;26.69230124;0.135632994;63.00152587;0.055674259;25.86069328;0.116735984;54.22386452;{'order': (4, 1, 3)};0.057464588;26.69230124;0.136424984;63.36940509;0.055674259;25.86069328;0.107855711;50.09897799;{'order': (4, 1, 3)};0.041371582;19.21709995;0.077402127;35.95328815;0.060228071;27.9759392;0.118486186;55.0368332;{'activation': 'relu', 'alpha': 0.1, 'hidden_layer_sizes': (5, 5), 'learning_rate_init': 0.001};0.036473676;16.94202262;0.078036858;36.24812053;0.055100948;25.59439048;0.10437979;48.48441264;{'activation': 'relu', 'alpha': 0.01, 'hidden_layer_sizes': (15, 5, 10), 'learning_rate_init': 0.01};0.087077208;0.174529493;(2, 1, 1, True);0.09265022;0.112955421;(1, 1, 1, False)
Load0030;14.80625;0.43775;3.407822849;0.084556866;1.251970093;0.185860901;2.75190296;0.10249502;1.517566886;0.189375439;2.803940087;{'order': (1, 1, 2)};0.085234199;1.261998854;0.168566687;2.495840516;0.10338686;1.530771698;0.156365335;2.315184238;{'order': (4, 1, 4)};0.04799224;0.710585099;0.088829828;1.315236647;0.073393033;1.086675588;0.135681031;2.00892727;{'activation': 'relu', 'alpha': 0.1, 'hidden_layer_sizes': (15, 15, 5), 'learning_rate_init': 0.01};0.051571348;0.763578276;0.137001216;2.028474255;0.063643457;0.942320929;0.139843444;2.070556991;{'activation': 'relu', 'alpha': 0.001, 'hidden_layer_sizes': (15, 15, 10), 'learning_rate_init': 0.01};0.142778307;0.227670565;(1, 1, 1, True);0.163661242;0.196117774;(2, 1, 1, False)
Load0031;70.91675;1.97575;16.96876451;0.087728974;6.221453733;0.191613825;13.58862969;0.06598262;4.679272954;0.181146988;12.84635568;{'order': (2, 1, 2)};0.088457932;6.273149075;0.155361434;11.01772798;0.071267171;5.054036149;0.147687463;10.4735149;{'order': (4, 0, 4)};0.052195766;3.701554086;0.085368804;6.054078157;0.064082047;4.544490514;0.101179613;7.17532934;{'activation': 'relu', 'alpha': 0.01, 'hidden_layer_sizes': (5, 15, 5), 'learning_rate_init': 0.01};0.040441521;2.867981229;0.08523396;6.044515447;0.049181891;3.48781985;0.097032875;6.881256125;{'activation': 'relu', 'alpha': 0.001, 'hidden_layer_sizes': (15, 10, 10), 'learning_rate_init': 0.01};0.130266458;0.190577254;(1, 1, 1, True);0.052117869;0.162938595;(4, 10, 1, False)
Load0032;35.61225;0.18025;5.674726284;0.086819433;3.091835359;0.179967649;6.409052909;0.090218465;3.212882538;0.149044719;5.307817794;{'order': (4, 1, 3)};0.086819433;3.091835359;0.162000956;5.769218532;0.090218465;3.212882538;0.144584173;5.148967708;{'order': (4, 1, 3)};0.049850286;1.775280847;0.09830302;3.500791708;0.059790768;2.129283789;0.114283929;4.069907854;{'activation': 'relu', 'alpha': 0.001, 'hidden_layer_sizes': (5, 15, 15), 'learning_rate_init': 0.01};0.044327167;1.578590163;0.106778591;3.802625873;0.049066116;1.747354785;0.129505761;4.611991554;{'activation': 'tanh', 'alpha': 0.001, 'hidden_layer_sizes': (15, 15, 10), 'learning_rate_init': 0.001};0.112106636;0.232953876;(2, 1, 1, True);0.116631024;0.125711277;(2, 1, 1, True)
Load0033;736.5;1.5;459.0121029;0.045846771;33.76614681;0.168977766;124.4521244;0.047561186;35.02881318;0.109949999;80.97817455;{'order': (3, 1, 4)};0.057076972;42.0371898;0.174766449;128.7154897;0.058415183;43.0227821;0.092631795;68.22331738;{'order': (2, 0, 1)};0.029466832;21.70232151;0.092500631;68.12671462;0.045736429;33.68488027;0.092845516;68.3807225;{'activation': 'relu', 'alpha': 0.01, 'hidden_layer_sizes': (5, 10, 5), 'learning_rate_init': 0.01};0.029818197;21.96110213;0.092698666;68.27256716;0.033512237;24.68176266;0.075797824;55.8250975;{'activation': 'relu', 'alpha': 0.001, 'hidden_layer_sizes': (10, 10), 'learning_rate_init': 0.01};0.096358538;0.262638777;(1, 1, 1, False);0.156859279;0.114922397;(1, 1, 1, True)
Load0035;181.9495;1.854;28.64723217;0.083475962;15.1884095;0.168915375;30.73406799;0.081314519;14.79513603;0.132912371;24.18333941;{'order': (3, 1, 4)};0.086395488;15.71961577;0.143793283;26.16311598;0.085245656;15.51040441;0.12910033;23.48974048;{'order': (4, 0, 4)};0.060648016;11.03487612;0.101699038;18.50408905;0.067817922;12.33943692;0.118555068;21.57103539;{'activation': 'tanh', 'alpha': 0.1, 'hidden_layer_sizes': (5, 5, 15), 'learning_rate_init': 0.001};0.057351484;10.4350739;0.11527228;20.97373368;0.060837477;11.06934846;0.105038469;19.11169696;{'activation': 'relu', 'alpha': 0.1, 'hidden_layer_sizes': (15, 15, 5), 'learning_rate_init': 0.001};0.137486279;0.1784091;(1, 1, 1, False);0.109288827;0.199376225;(2, 1, 1, True)
Load0036;17.74175;1.57075;4.792238319;0.065943822;1.169958801;0.132517331;2.35108936;0.070287637;1.247025686;0.138980958;2.465765419;{'order': (4, 0, 4)};0.106345037;1.886747069;0.144627345;2.565942199;0.111938681;1.985988096;0.144090796;2.556422886;{'order': (4, 1, 3)};0.043395397;0.769910283;0.08176826;1.450712026;0.05601874;0.993870487;0.098560192;1.748630284;{'activation': 'tanh', 'alpha': 0.1, 'hidden_layer_sizes': (15, 15), 'learning_rate_init': 0.001};0.043154935;0.765644075;0.093292681;1.655175417;0.051290842;0.909989291;0.087353901;1.54981107;{'activation': 'relu', 'alpha': 0.1, 'hidden_layer_sizes': (15, 15, 5), 'learning_rate_init': 0.001};0.136252105;0.160422921;(1, 1, 1, False);0.113335691;0.166489288;(2, 1, 1, True)
Load0037;511.5;24;289.2214426;0.075221597;38.47584701;0.17208407;88.02100189;0.072369;37.01674348;0.181974938;93.08018058;{'order': (2, 1, 4)};0.075296448;38.51413312;0.182194071;93.19226744;0.072083051;36.8704808;0.181357929;92.76458074;{'order': (4, 1, 4)};0.054076407;27.66008243;0.122012077;62.40917739;0.05972244;30.54802792;0.164932803;84.36312894;{'activation': 'tanh', 'alpha': 0.1, 'hidden_layer_sizes': (15, 15), 'learning_rate_init': 0.001};0.040227957;20.57659994;0.149362412;76.39887391;0.03971733;20.3154144;0.152469527;77.98816327;{'activation': 'relu', 'alpha': 0.001, 'hidden_layer_sizes': (15, 15, 15), 'learning_rate_init': 0.01};0.197886154;0.362742066;(2, 1, 1, True);0.187670797;0.254953325;(2, 1, 1, False)
Load0038;630;19;146.14703;0.057683295;36.3404757;0.125114871;78.82236864;0.046815704;29.49389334;0.097051743;61.1425981;{'order': (4, 1, 3)};0.058221283;36.67940802;0.127667977;80.43082534;0.047125961;29.68935513;0.103145308;64.9815439;{'order': (4, 1, 4)};0.042466458;26.75386879;0.083550721;52.63695395;0.054437694;34.29574749;0.16097531;101.4144456;{'activation': 'relu', 'alpha': 0.1, 'hidden_layer_sizes': (5, 10, 15), 'learning_rate_init': 0.001};0.042102835;26.52478607;0.111170091;70.03715718;0.041721253;26.28438919;0.112831341;71.08374482;{'activation': 'relu', 'alpha': 0.001, 'hidden_layer_sizes': (15, 10, 10), 'learning_rate_init': 0.01};0.099840119;0.141403079;(4, 1, 1, True);0.113702878;0.112091504;(2, 1, 1, False)
Load0039;980;8.125;232.8047147;0.114697162;112.4032186;0.275040617;269.539805;0.132108816;129.4666397;0.335827557;329.1110063;{'order': (2, 1, 4)};0.116639514;114.3067234;0.24469379;239.799914;0.132179506;129.5359156;0.197184868;193.2411704;{'order': (1, 0, 4)};0.050401782;49.39374647;0.118387736;116.0199812;0.100171457;98.16802797;0.162394147;159.1462639;{'activation': 'relu', 'alpha': 0.001, 'hidden_layer_sizes': (5, 15, 10), 'learning_rate_init': 0.01};0.055008046;53.90788496;0.16488817;161.5904062;0.092673489;90.82001911;0.147219264;144.2748792;{'activation': 'relu', 'alpha': 0.001, 'hidden_layer_sizes': (10, 10, 5), 'learning_rate_init': 0.01};0.181524232;0.310421109;(1, 1, 1, True);0.193007395;0.192882568;(2, 1, 1, False)
Load0040;83.121;17.22675;44.06810935;0.051661132;4.294124938;0.102798926;8.544749548;0.051397512;4.272212561;0.104940331;8.722745265;{'order': (2, 1, 2)};0.05181305;4.306752533;0.103598031;8.611171968;0.051915908;4.315302193;0.102461902;8.516735728;{'order': (4, 1, 3)};0.042846134;3.561413487;0.082652477;6.870156543;0.048530727;4.033922572;0.08375104;6.961470191;{'activation': 'tanh', 'alpha': 0.1, 'hidden_layer_sizes': (5, 10, 10), 'learning_rate_init': 0.001};0.041396717;3.440936506;0.088576086;7.362532834;0.044852833;3.728212359;0.085531273;7.109444918;{'activation': 'relu', 'alpha': 0.01, 'hidden_layer_sizes': (10, 15, 5), 'learning_rate_init': 0.01};0.109161571;0.231306791;(1, 1, 1, True);0.115577526;0.13820532;(2, 1, 1, True)
Load0041;1599;123;743.3426893;0.063620433;101.7290728;0.135669865;216.9361146;0.063692754;101.8447139;0.148695848;237.7646605;{'order': (3, 1, 4)};0.063620433;101.7290728;0.136311464;217.962031;0.063692754;101.8447139;0.1550881;247.9858712;{'order': (3, 1, 4)};0.046764483;74.77640775;0.097382047;155.7138928;0.052735309;84.32375876;0.133112967;212.8476338;{'activation': 'relu', 'alpha': 0.001, 'hidden_layer_sizes': (5, 10, 15), 'learning_rate_init': 0.01};0.045206592;72.28533996;0.10821813;173.0407898;0.051838487;82.88974034;0.144868751;231.6451335;{'activation': 'tanh', 'alpha': 0.001, 'hidden_layer_sizes': (10, 10), 'learning_rate_init': 0.01};0.124806441;0.189495265;(1, 1, 1, False);0.161066666;0.172855154;(2, 1, 1, True)
Load0042;590.5;191;358.3171341;0.039630789;23.4019808;0.074477717;43.97909182;0.040306739;23.80112945;0.066129373;39.04939466;{'order': (1, 1, 4)};0.03976597;23.48180523;0.066327881;39.16661391;0.040415214;23.86518366;0.060962139;35.99814321;{'order': (3, 0, 2)};0.026195679;15.46854859;0.03821445;22.56563256;0.029871643;17.63920533;0.047883803;28.27538579;{'activation': 'relu', 'alpha': 0.01, 'hidden_layer_sizes': (5, 10, 10), 'learning_rate_init': 0.01};0.025298736;14.93890367;0.037187342;21.95912551;0.029028686;17.14143932;0.047263372;27.90902117;{'activation': 'tanh', 'alpha': 0.001, 'hidden_layer_sizes': (15, 15, 10), 'learning_rate_init': 0.001};0.090700544;0.214939475;(1, 1, 1, True);0.066489428;0.086131506;(2, 1, 1, False)
Load0048;90.21575;6.4915;50.6828233;0.073307612;6.613501169;0.11659976;10.51913481;0.067984827;6.133302181;0.10835489;9.775317635;{'order': (4, 1, 4)};0.074426886;6.714477351;0.106337118;9.593282871;0.06968307;6.286510383;0.089400123;8.06529919;{'order': (4, 1, 3)};0.042030138;3.791780406;0.057459081;5.183714099;0.053122788;4.792512149;0.091248778;8.232076911;{'activation': 'tanh', 'alpha': 0.01, 'hidden_layer_sizes': (5, 15, 15), 'learning_rate_init': 0.001};0.036606286;3.302463561;0.05658127;5.104521709;0.035266299;3.181575615;0.041985761;3.787776909;{'activation': 'tanh', 'alpha': 0.001, 'hidden_layer_sizes': (15, 5, 15), 'learning_rate_init': 0.01};0.092887536;0.165380374;(4, 1, 1, True);0.077979907;0.09245991;(2, 1, 1, True)
Load0059;24.90025;0.38625;8.674965459;0.096911665;2.413124699;0.237954412;5.925124355;0.100080567;2.492031133;0.260139876;6.477547935;{'order': (4, 1, 4)};0.096911665;2.413124699;0.236653351;5.892727609;0.100080567;2.492031133;0.255290888;6.356806938;{'order': (4, 1, 4)};0.089251253;2.22237852;0.18245891;4.543272482;0.13394448;3.335251035;0.396501467;9.872985645;{'activation': 'tanh', 'alpha': 0.1, 'hidden_layer_sizes': (5, 15, 5), 'learning_rate_init': 0.001};0.079335158;1.975465268;0.219588299;5.467803534;0.097748168;2.433953814;0.271620146;6.763409536;{'activation': 'relu', 'alpha': 0.01, 'hidden_layer_sizes': (15, 10, 10), 'learning_rate_init': 0.01};0.210376337;0.421082288;(1, 1, 1, True);0.220792249;0.312786251;(1, 5, 1, True)
Load0070;43.775;0.618;9.842801635;0.073056716;3.198057746;0.102779677;4.499180342;0.077689466;3.400856368;0.112574028;4.927928081;{'order': (3, 1, 2)};0.073771775;3.229359434;0.102700448;4.4957121;0.078906399;3.454127606;0.094202052;4.123694839;{'order': (4, 1, 4)};0.058966026;2.581237805;0.101571722;4.446302143;0.073721212;3.227146061;0.11551533;5.056683556;{'activation': 'tanh', 'alpha': 0.1, 'hidden_layer_sizes': (5, 15), 'learning_rate_init': 0.001};0.056850777;2.488642766;0.101790268;4.455868962;0.068373096;2.993032289;0.103156098;4.515658179;{'activation': 'relu', 'alpha': 0.1, 'hidden_layer_sizes': (15, 5, 5), 'learning_rate_init': 0.001};0.101244368;0.138168693;(4, 1, 1, True);0.110049166;0.117396012;(1, 1, 1, False)
Load0079;531;24.5;243.8866406;0.052752311;28.0114774;0.170061192;90.30249308;0.056050584;29.76285994;0.133195778;70.72695792;{'order': (0, 1, 4)};0.052860778;28.06907318;0.17399843;92.39316606;0.05626024;29.87418719;0.129939099;68.99766178;{'order': (3, 1, 3)};0.039044814;20.73279637;0.112112344;59.53165492;0.052100598;27.66541775;0.138427138;73.50481038;{'activation': 'relu', 'alpha': 0.1, 'hidden_layer_sizes': (10, 15, 15), 'learning_rate_init': 0.001};0.034910366;18.53740439;0.117151147;62.2072593;0.044799014;23.78827666;0.131343913;69.74361765;{'activation': 'tanh', 'alpha': 0.001, 'hidden_layer_sizes': (15, 15), 'learning_rate_init': 0.01};0.09050402;0.360306203;(2, 10, 1, True);0.204063624;0.272081941;(1, 1, 1, True)
Load0081;116.033;4.6805;20.70409631;0.050040558;5.806356121;0.114141644;13.24419734;0.068505637;7.948914625;0.11787822;13.67776346;{'order': (1, 1, 4)};0.059045167;6.851187904;0.102631061;11.9085899;0.078251839;9.079795646;0.105802367;12.27656602;{'order': (4, 0, 4)};0.035961528;4.172723923;0.088061818;10.21807693;0.060201339;6.98534196;0.130190133;15.10635168;{'activation': 'relu', 'alpha': 0.1, 'hidden_layer_sizes': (5, 15), 'learning_rate_init': 0.001};0.030261826;3.511370404;0.082824571;9.610383426;0.056618129;6.569571325;0.12188926;14.14317645;{'activation': 'relu', 'alpha': 0.01, 'hidden_layer_sizes': (15, 5, 15), 'learning_rate_init': 0.01};0.100610085;0.197659463;(2, 1, 1, False);0.084845513;0.123510972;(2, 1, 1, True)
Load0092;696.79;225.38;422.8142182;0.039654981;27.63119424;0.074682667;52.03813522;0.040389816;28.14322015;0.066381493;46.25396028;{'order': (1, 1, 4)};0.039756735;27.7020955;0.070960832;49.44479793;0.040222355;28.02653476;0.058838275;40.99792172;{'order': (3, 1, 3)};0.026961727;18.78666166;0.036020708;25.09886902;0.035633847;24.82930836;0.051004433;35.53937891;{'activation': 'relu', 'alpha': 0.1, 'hidden_layer_sizes': (15, 10), 'learning_rate_init': 0.01};0.026501261;18.46581398;0.040079681;27.9271212;0.029598831;20.62416961;0.042082779;29.32285954;{'activation': 'relu', 'alpha': 0.01, 'hidden_layer_sizes': (10, 10, 5), 'learning_rate_init': 0.01};0.113288388;0.176926166;(1, 1, 1, True);0.067543887;0.076119259;(2, 1, 1, False)
Load0096;83.121;17.22675;44.06810935;0.051661132;4.294124938;0.102798926;8.544749548;0.051397512;4.272212561;0.104940331;8.722745265;{'order': (2, 1, 2)};0.05181305;4.306752533;0.103598031;8.611171968;0.051915908;4.315302193;0.102461902;8.516735728;{'order': (4, 1, 3)};0.043627731;3.626380609;0.087745362;7.293482271;0.047779692;3.971495749;0.093554834;7.776371358;{'activation': 'tanh', 'alpha': 0.1, 'hidden_layer_sizes': (5, 15, 5), 'learning_rate_init': 0.001};0.04108708;3.415199216;0.099662805;8.284071985;0.04534121;3.768806754;0.088586877;7.363429772;{'activation': 'relu', 'alpha': 0.01, 'hidden_layer_sizes': (15, 10), 'learning_rate_init': 0.01};0.1181321;0.155320421;(1, 1, 1, False);0.117641285;0.137212455;(1, 1, 1, False)
Load0097;163.79575;3.7595;44.3354813;0.110343735;18.07383478;0.23254541;38.08994977;0.115397171;18.90156622;0.217859913;35.68452792;{'order': (4, 1, 4)};0.114547859;18.76245243;0.204960156;33.57160242;0.119459344;19.56693292;0.202931977;33.23939539;{'order': (3, 0, 4)};0.083161875;13.62156169;0.158792597;26.00955253;0.090694012;14.85529374;0.182820272;29.94518353;{'activation': 'relu', 'alpha': 0.1, 'hidden_layer_sizes': (5, 5, 15), 'learning_rate_init': 0.01};0.072275093;11.83835305;0.171561361;28.10102172;0.08935484;14.63594304;0.209925952;34.3849788;{'activation': 'tanh', 'alpha': 0.001, 'hidden_layer_sizes': (15, 10, 10), 'learning_rate_init': 0.001};0.176974326;0.297747493;(1, 1, 1, True);0.163912535;0.208086237;(1, 1, 1, True)
Load0099;143.5;0;41.43823433;0.105947917;15.20352604;0.186320085;26.73693222;0.115653854;16.59632809;0.189307816;27.16567161;{'order': (4, 0, 4)};0.107922513;15.4868806;0.212045501;30.42852935;0.120521642;17.29485565;0.20337037;29.18364812;{'order': (2, 1, 1)};0.062023787;8.900413413;0.124425048;17.85499435;0.080332968;11.52778096;0.160712871;23.06229704;{'activation': 'tanh', 'alpha': 0.001, 'hidden_layer_sizes': (5, 15, 15), 'learning_rate_init': 0.001};0.063072009;9.050833267;0.189988964;27.26341638;0.079075642;11.34735457;0.170002302;24.39533032;{'activation': 'tanh', 'alpha': 0.001, 'hidden_layer_sizes': (10, 15, 15), 'learning_rate_init': 0.001};0.159996286;0.273778647;(2, 1, 1, True);0.18130061;0.226642132;(4, 1, 1, True)
residual_load;28978.4;-15074.4;6208.718799;0.081935975;2374.373465;0.164606323;4770.027859;0.083512743;2420.065668;0.160288077;4644.892024;{'order': (3, 1, 3)};0.082011152;2376.551971;0.164265204;4760.142791;0.083192591;2410.788177;0.159252417;4614.880247;{'order': (3, 1, 3)};0.078093659;2263.029295;0.151902591;4401.894057;0.085510143;2477.94713;0.209458673;6069.7772;{'activation': 'relu', 'alpha': 0.1, 'hidden_layer_sizes': (5, 5), 'learning_rate_init': 0.001};0.081153397;2351.695591;0.173762707;5035.365237;0.084504399;2448.802284;0.185474143;5374.743899;{'activation': 'relu', 'alpha': 0.1, 'hidden_layer_sizes': (5, 5), 'learning_rate_init': 0.001};0.099944443;0.172294647;(2, 1, 1, False);0.127421349;0.162913039;(2, 1, 1, False)
